{"Tool Use": {"2310.00935": 2.1000000000000014, "2406.19228": 2.0, "2411.14479": -3.0, "2409.13711": 15.099999999999998}, "Multimodality": {"2303.17003": 11.539999999999992, "2306.11025": 4.433999999999999, "2402.12424": 0.10000000000000142, "2407.21531": 4.349999999999994, "2406.11217": -23.25, "2407.12725": -8.8625, "2410.00193": 18.91, "2412.04509": -8.8625, "2411.06018": 0.0, "2412.12164": 4.525, "2408.06874": 6.200000000000003, "2401.08743": -3.8800000000000012, "2402.11194": 8.089999999999996, "2402.11943": 9.181818181818183, "2402.17226": 1.25, "2409.13711": 7.6}, "Math": {"2303.17003": 22.730000000000004, "2311.01460": 54.800000000000004, "2307.03762": 8.524999999999999, "2309.14681": 6.325000000000003, "2310.00835": 1.7250000000000085, "2402.12424": 18.9, "2409.16635": -6.0, "2406.04127": 8.611666666666666, "2410.02892": -2.5999999999999996, "2412.00353": 5.299999999999997, "2406.19228": 13.674999999999997, "2403.19346": -3.4000000000000057, "2404.01461": 0.0, "2405.02957": 0.0, "2405.14838": 33.4, "2410.13029": 10.5, "2412.18697": -1.2199999999999989, "2408.11841": 6.546153846153847, "2401.11725": -3.6666666666666714, "2402.11194": 7.259999999999991, "2402.18252": 4.299999999999997, "2403.08211": 14.550000000000002, "2406.05055": 34.92}, "Coding": {"2309.14681": 0.20000000000000284, "2407.10162": 4.5}, "Instruction Following": {"2307.03762": -0.8999999999999986, "2402.12424": 0.3000000000000019, "2407.17469": -0.18333333333333313, "2407.20588": 5.900000000000006, "2408.07676": -1.0666666666666653, "2409.16635": 2.0, "2410.01671": 2.030000000000001, "2410.18001": -2.1500000000000004, "2407.06501": 4.1, "2407.08937": 1.1000000000000014, "2405.02079": 0.0, "2411.17993": 28.814999999999998, "2412.16953": 14.999999999999993, "2411.14479": -8.0, "2409.15188": 3.839999999999989, "2401.11725": -3.3000000000000114, "2402.17226": -0.8049999999999997, "2406.04127": 7.56}, "Safety": {"2310.09223": 1.6666666666666667, "2403.19346": -3.4000000000000057, "2404.01461": 3.900000000000002, "2404.16294": -0.7349999999999852, "2405.12933": -0.5, "2412.18697": -1.2199999999999989, "2412.11691": 22.5, "2412.12164": -0.1857142857142853, "2401.11725": -9.800000000000004, "2402.05359": 4.2475000000000005, "2402.11943": 0.6700000000000017, "2403.09017": 2.4}, "Knowledge": {"2303.17003": 4.579999999999998, "2304.05368": 1.3428571428571436, "2310.08678": 2.3999999999999986, "2310.09223": 1.6666666666666667, "2310.10627": 44.6, "2311.06555": 0.605000000000004, "2305.08322": 1.8999999999999986, "2306.11025": 4.736666666666666, "2307.03762": 0.7428571428571445, "2307.12573": -0.21999999999999886, "2308.09975": -0.5199999999999996, "2309.14681": 0.9500000000000028, "2310.00935": 0.9333333333333348, "2407.17469": -1.470833333333335, "2407.20588": 5.850000000000001, "2407.21531": 5.399999999999999, "2409.16635": 1.375, "2406.04127": 5.079166666666667, "2406.11217": -11.165, "2406.11234": -12.447500000000003, "2407.12725": -12.599999999999996, "2410.01671": 1.02625, "2412.20251": -1.2799999999999987, "2410.18001": -1.625, "2407.01455": -7.033333333333331, "2407.03687": 1.3999999999999986, "2407.06501": 5.050000000000001, "2407.08836": 4.0, "2407.08937": 0.9500000000000028, "2403.12145": -3.0, "2404.13985": 1.3599999999999994, "2404.16294": -2.86249999999999, "2405.02079": 0.0, "2405.02957": 0.0, "2405.12933": 4.0, "2410.02507": -15.466666666666667, "2410.02959": -1.0, "2411.17993": 20.99125, "2412.14304": 8.100000000000001, "2412.16953": 21.5, "2412.18697": -1.2199999999999989, "2411.11027": 31.995000000000005, "2412.12164": -6.466666666666666, "2410.15116": 2.700000000000001, "2408.06874": 6.200000000000003, "2408.11841": 6.371428571428572, "2409.15188": 2.6799999999999926, "2401.11725": -2.6000000000000014, "2402.05359": 4.007142857142857, "2402.09911": 6.800000000000001, "2402.10400": 0.5, "2402.10735": 0.5, "2402.11194": 9.709999999999996, "2402.11943": 11.842857142857143, "2402.12424": -0.7999999999999972, "2402.13758": 2.200000000000003, "2402.15862": 2.115333333333333, "2402.17226": 1.1228571428571417, "2402.18252": 1.7749999999999986, "2403.09017": 2.0, "2406.01126": 3.4399999999999977, "2406.12386": -0.9799999999999983, "2406.14877": 0.6104545454545452, "2409.13711": 11.6, "2403.20180": 1.3016666666666694}, "Reasoning": {"2303.17003": 8.209999999999999, "2304.05368": 1.05, "2310.08678": 2.3999999999999986, "2310.10627": 44.6, "2310.12342": 6.49625, "2310.16755": 1.7666666666666682, "2311.01460": 60.050000000000004, "2311.06555": 0.605000000000004, "2311.10227": 15.975000000000001, "2305.08322": 1.8999999999999986, "2306.11025": 4.433999999999999, "2307.03762": 1.978947368421054, "2307.12573": -0.21999999999999886, "2308.09975": -0.737499999999998, "2309.14681": 4.433333333333337, "2310.00835": 2.5583333333333362, "2310.00935": 0.9333333333333348, "2402.12424": 6.466666666666666, "2407.17469": -1.3406666666666678, "2407.20588": 5.850000000000001, "2407.21531": 5.399999999999999, "2408.07676": -1.0666666666666653, "2409.16635": -0.1111111111111111, "2406.04127": 5.079166666666667, "2406.11217": -11.165, "2406.11234": -12.447500000000003, "2406.17038": 0.7000000000000028, "2407.12725": -10.73125, "2410.00193": 18.91, "2410.01671": 1.1537500000000005, "2410.02892": 4.95, "2412.00353": 2.566666666666665, "2412.04509": -8.8625, "2410.11385": 4.262222222222224, "2412.16953": 18.35, "2410.18001": -1.625, "2406.19228": 13.674999999999997, "2407.01455": 6.471153846153846, "2407.03687": 1.6999999999999993, "2407.06501": 4.522222222222222, "2407.08836": 4.0, "2407.08937": 0.4750000000000014, "2407.10162": 4.5, "2403.12145": -3.0, "2403.19346": -3.4000000000000057, "2404.01461": 4.642857142857143, "2404.02474": 2.5, "2404.13985": 1.0340000000000018, "2404.16294": -4.989999999999995, "2405.02079": 0.0, "2405.02957": 0.0, "2405.12933": 1.0, "2405.14838": 47.0, "2410.02507": -15.466666666666667, "2410.02959": -1.0, "2411.17993": 20.99125, "2410.13029": 10.5, "2410.13343": -0.5818181818181823, "2412.18697": -1.2199999999999989, "2411.06018": 3.8933333333333358, "2411.11027": 33.75666666666667, "2411.14479": -3.0, "2412.12164": -4.500000000000002, "2410.15116": 2.700000000000001, "2408.06874": 6.200000000000003, "2408.11841": 6.371428571428572, "2409.15188": 2.6799999999999926, "2401.08743": -3.8800000000000012, "2401.11725": -1.7875000000000023, "2402.05359": 4.007142857142857, "2402.09911": 6.800000000000001, "2402.10400": 0.5, "2402.10735": -0.3333333333333333, "2402.11194": 9.709999999999996, "2402.11943": 6.690909090909091, "2402.13758": 2.200000000000003, "2402.15862": 2.7852380952380944, "2402.17226": 1.3309090909090904, "2402.18252": 2.219999999999999, "2403.02615": 5.999999999999999, "2403.08211": 36.849999999999994, "2403.09017": 1.0, "2405.18357": 12.766666666666666, "2406.01126": 3.4399999999999977, "2406.05055": 34.92, "2406.12386": -0.9799999999999983, "2406.14877": 0.6104545454545452, "2409.13711": 7.6, "2403.20180": 0.9500000000000028}, "Multilinguality": {"2303.17003": 0.0, "2304.05368": 1.1500000000000057, "2305.08322": 1.8999999999999986, "2307.03762": -1.9000000000000021, "2308.09975": 0.3499999999999943, "2309.14681": -0.3999999999999915, "2406.17038": 0.7000000000000028, "2410.01671": 0.269999999999996, "2410.02507": -7.0, "2412.14304": 8.100000000000001, "2411.11027": 23.695, "2412.11691": 22.5, "2408.11841": 8.171428571428569, "2409.15188": 1.519999999999996, "2402.17226": 1.5233333333333334, "2403.02615": 5.999999999999999, "2403.09017": 1.6666666666666667, "2406.12386": -0.9799999999999983, "2403.20180": 1.3016666666666694}}