{"Entailment": [4.0, -4.0, 3.1999999999999886, -5.0, -4.299999999999997, -2.700000000000003, 0.0, 2.200000000000003, -0.7000000000000028, -0.9000000000000057, -1.4000000000000057, 0.7000000000000028, 3.4000000000000057, 1.2999999999999972, -4.0, 4.8799999999999955, -0.23000000000000398, 6.410000000000004, 1.0, 2.9000000000000057, 1.5, 3.4299999999999997, 0.5, 7.140000000000001, 1.0], "Text classification": [8.100000000000001, -4.0, 4.199999999999996, -2.0, 2.0, 3.0, 0.0, 0.09000000000000341, 2.9099999999999966, 1.8599999999999994, -0.3100000000000023, -4.0, 1.0, 1.0, -2.0, -1.0, -10.550000000000004, -12.510000000000005, -12.540000000000006, -14.189999999999998, -9.069999999999993, -11.559999999999995, -14.200000000000003, -15.569999999999993, -5.109999999999999, -11.18, -9.129999999999995, -10.030000000000008, -5.109999999999999, -11.18, -10.030000000000008, -4.5, 2.3, -6.0, 1.6999999999999993, -8.0, 33.0, -3.299999999999997, -1.5, -4.0, -7.0, -25.0, 3.9000000000000057, 20.68, 54.06, 26.71, 26.53, 1.3999999999999915, 6.400000000000006, -19.799999999999997, -6.000000000000007, -6.799999999999997, 17.300000000000004, 6.200000000000003, 5.900000000000002, 4.700000000000001, 6.200000000000003, 3.839999999999989, -2.4000000000000057, -2.700000000000003, -3.3000000000000114, 3.4399999999999977, 9.899999999999999, 13.780000000000001, 3.0, 15.200000000000003, -7.0, -0.19999999999998863, 1.6000000000000014, 48.99999999999999, 21.300000000000004, 1.3999999999999915, 6.400000000000006, -19.799999999999997, -6.000000000000007, -6.799999999999997, 17.300000000000004, 6.200000000000003, 1.1000000000000085, 1.25, 1.7399999999999949, 2.6899999999999977, 6.0, 5.0, 2.0, 0.0, 3.0, -4.0, -0.9099999999999966, -2.490000000000009], "Generation": [44.6, 4.1499999999999995, 1.9499999999999993, 1.2400000000000002, 11.02, 3.8099999999999996, -0.8999999999999986, 0.6000000000000014, 1.3999999999999986, 1.0, 5.900000000000006, 4.349999999999994, -4.0, 12.0, -6.0, 26.0, -7.5, 4.0, -8.0, -3.0, 22.5, -8.400000000000006, -3.3299999999999983, -0.6999999999999957, -0.7999999999999972, 12.399999999999999, 0.9500000000000028], "Mixed datasets": [6.780000000000001, -0.7000000000000028, 2.0999999999999943, 0.20000000000000284, -0.3999999999999915, 6.0, 6.0, -9.07, 5.42, 1.0700000000000003, 4.330000000000002, 2.0, 0.0, 1.0, 17.759999999999998, 7.68, 10.219999999999999, -5.419999999999998], "Encyclopedic knowledge": [0.7999999999999972, 4.0, 0.4000000000000057, -7.099999999999994, -0.5, 12.700000000000003, 0.6999999999999886, -12.499999999999993, -0.20000000000000284, 0.10000000000000853, -3.0, 0.0, -0.09999999999999432, -1.6000000000000085, -1.2999999999999972, -1.539999999999992, -1.480000000000004, -1.0700000000000074, -1.0300000000000011, -1.309999999999988, -1.25, -1.0, 6.100000000000001, 1.7999999999999972, 6.600000000000001, 9.800000000000004, 13.800000000000004, -2.5, 2.799999999999997, 0.0, 33.0, 0.0, 2.1999999999999957, 0.5, 5.260000000000005, -2.4299999999999926, 2.3299999999999983, 4.760000000000005, 1.789999999999992, 6.450000000000003, 0.0, -1.6099999999999994, 2.4299999999999926, 27.769999999999996, -2.780000000000001, 7.789999999999992, -1.5400000000000063, 8.929999999999993, 5.890000000000001, -3.1299999999999955, 0.7000000000000028, 3.4399999999999977, -0.7999999999999972, -1.1999999999999957, -0.3999999999999986, -3.3000000000000043, 0.8000000000000043, 7.530000000000001], "Context-aware QA": [0.0, 1.2999999999999972, 1.8000000000000114, 0.0, 2.0, 0.9000000000000057, 0.5, 2.0, 4.0, 0.20000000000000284, 1.0100000000000051, 23.200000000000003, -0.8999999999999986, -2.6999999999999957, 0.0, -2.8999999999999915, -0.759999999999998, 0.3200000000000003, 5.299999999999997, 2.1000000000000014, 18.9, -0.5, 1.1499999999999915, -3.9099999999999966, -1.230000000000004, -0.0799999999999983, 0.36999999999999034, 0.3999999999999986, -2.020000000000003, -3.8000000000000007, -6.780000000000001, 5.3100000000000005, -5.880000000000003, 0.1999999999999993, 0.8100000000000023, -1.2300000000000004, 5.090000000000003, -0.8899999999999997, 5.8799999999999955, -4.649999999999999, -7.530000000000001, -12.150000000000006, -10.560000000000002, 0.33999999999999986, 2.2699999999999996, 2.4299999999999997, -7.810000000000002, 0.7800000000000011, 1.2899999999999991, 0.269999999999996, 0.6300000000000097, 2.030000000000001, 0.9099999999999966, -0.7349999999999852, -4.989999999999995, 12.950000000000003, 22.42, 27.119999999999997, 2.1700000000000017, 24.690000000000005, 35.05, 30.51, 13.020000000000003, 14.699999999999996, 21.5, 1.519999999999996, -1.2999999999999972, -3.0, -0.3999999999999915, 6.980000000000004, 6.800000000000001, 8.089999999999996, 5.390000000000001, 2.8499999999999943, 0.8099999999999952, 2.8900000000000006, 4.3500000000000085, 1.8599999999999994, 0.060000000000002274, 0.0, -4.0, -3.450000000000003, -13.04, 5.409999999999997, 6.450000000000003, 0.0, 0.0, 7.550000000000011, 7.769999999999996, 0.0, -4.280000000000001, -2.0, 2.739999999999995, 0.9200000000000017, 0.9500000000000028, 3.1299999999999955, -2.710000000000008, -0.09000000000000341, -0.75, 1.1899999999999977, 2.030000000000001, -3.1700000000000017, -0.3999999999999986, 15.099999999999998, 8.100000000000001, -13.099999999999994, -15.129999999999995, -7.940000000000005, -0.4099999999999966, 8.340000000000003, 15.439999999999998, 10.050000000000011, -0.7399999999999949], "Multi-hop QA": [2.819999999999993, 1.3699999999999974, -0.5999999999999943, 3.5, 1.0, 1.7999999999999972, 1.0, 3.0, -2.0, 1.3900000000000006, 1.7100000000000009, 0.18000000000000682, 1.3299999999999983, 0.5600000000000023, 1.6499999999999915, 0.7999999999999972, -1.6799999999999997, 3.030000000000001, 3.120000000000001, 3.259999999999998, 8.869999999999997, 6.1200000000000045, -1.2600000000000016, 7.099999999999998, 2.450000000000003, 1.2699999999999996, 2.8599999999999994, 2.9499999999999993], "Commonsense reasoning": [0.0, 3.6200000000000045, -0.09000000000000341, 4.25, 48.75, 3.0, 7.900000000000006, 1.7000000000000028, 5.0, 6.0, 12.5, 7.900000000000006, 48.75, 23.0, 0.25, 0.0, 1.700000000000001, 0.0, 11.299999999999997, -29.0, 48.75, 23.0, 0.5, 0.0, 11.299999999999997, 1.7000000000000028, -3.0, 0.0, 1.0, -37.400000000000006, -8.7, -3.299999999999997, 0.6400000000000006, 1.0, -0.4000000000000057, 1.2999999999999972], "Logical reasoning": [17.254999999999995, 12.899999999999991, -3.219999999999999, -0.9499999999999886, 1.7700000000000031, -1.1999999999999957, -3.1000000000000014, -2.1999999999999993, -1.4000000000000057, -9.799999999999997, 2.0, -7.0, -5.0, -2.0, -5.0, 0.0, 0.0, 0.0, 4.299999999999997, -2.4000000000000057, 3.5, 1.2000000000000028, 8.400000000000006, 28.5, -3.25, -2.799999999999997, -2.799999999999997, 7.900000000000006, -3.25, 4.400000000000006, 1.7999999999999972, 19.099999999999998, -0.8999999999999915, -2.0, 1.0, 3.0, 6.0, 3.900000000000002, -6.300000000000001, 6.699999999999999, 4.1000000000000005, 9.800000000000004, 0.0, 14.299999999999997, 2.5, -14.399999999999999, 14.999999999999993, 4.540000000000006, 0.0, -2.0, 2.0999999999999943, 4.0, 5.999999999999993, 3.6000000000000085, 10.599999999999994, 6.200000000000003, 0.9500000000000028], "Spatial and temporal reasoning": [0.5, 1.5, 2.5, 0.30000000000001137, 0.9000000000000057, 1.7999999999999972, 1.8000000000000114, 3.0, 4.100000000000001, 2.5, 1.9000000000000057, 0.30000000000001137, 2.200000000000003, 3.700000000000003, 4.400000000000006, 1.9000000000000057, 2.4000000000000057, 3.5, 2.9000000000000057, 4.5, 3.700000000000003, 4.0, 2.4000000000000057, 2.0, 1.0, 3.0, 1.3400000000000034, 0.5, -20.5, -26.0, 5.199999999999989, 20.890000000000008, 2.5, 22.490000000000002, 33.16, 29.22, -2.5999999999999996, -1.1000000000000085, 1.6999999999999993, 0.0, 7.140000000000001, 0.0, 5.0, 2.0, 1.2999999999999972, 0.0, 1.2999999999999972, -2.1700000000000017],