{"Tool Use": [2.1000000000000014, 2.0, -3.0, 15.099999999999998], "Multimodality": [11.539999999999992, 4.1499999999999995, 1.9499999999999993, 1.2400000000000002, 11.02, 3.8099999999999996, -0.8999999999999986, 0.6000000000000014, 1.3999999999999986, 1.0, 4.349999999999994, -20.5, -26.0, -5.109999999999999, -11.18, -9.129999999999995, -10.030000000000008, 5.199999999999989, 20.890000000000008, 2.5, 22.490000000000002, 33.16, 29.22, -5.109999999999999, -11.18, -9.129999999999995, -10.030000000000008, 0.0, 1.3999999999999915, -6.799999999999997, 17.300000000000004, 6.200000000000003, 6.200000000000003, 0.0, 1.0, 5.0, 2.0, 1.2999999999999972, -37.400000000000006, 0.0, 1.2999999999999972, -8.7, -3.299999999999997, 8.089999999999996, 3.0, 15.200000000000003, -7.0, -0.19999999999998863, 1.6000000000000014, 48.99999999999999, 21.300000000000004, 1.3999999999999915, -6.799999999999997, 17.300000000000004, 6.200000000000003, -0.6999999999999957, -0.7999999999999972, 1.25, 7.099999999999998, 8.100000000000001], "Math": [22.730000000000004, 73.0, 44.3, 47.10000000000001, 17.799999999999997, 9.100000000000001, 5.100000000000001, 2.0999999999999943, 0.5, 6.200000000000003, 18.400000000000006, 0.20000000000000284, 0.30000000000001137, 1.8000000000000114, 1.9000000000000057, 2.9000000000000057, 18.9, -7.0, -5.0, 21.43, 0.0, -2.5999999999999996, 5.299999999999997, 2.0, 25.349999999999994, -5.400000000000006, -1.4000000000000057, 0.0, 0.0, 73.0, 44.0, 3.0, 0.0, 47.0, 10.5, -1.2199999999999989, 2.799999999999997, 29.5, 0.0, 33.0, 4.700000000000003, -33.2, -11.0, 20.4, -2.799999999999997, 11.200000000000003, 13.799999999999997, 13.100000000000001, 3.6000000000000085, 2.1999999999999957, -3.4000000000000057, -9.800000000000004, 7.259999999999991, 4.299999999999997, 1.1000000000000085, -2.8000000000000114, 1.2000000000000028, 55.00000000000001, 28.799999999999997, 4.0, 34.92, 17.759999999999998, 7.68, 10.219999999999999, -5.419999999999998], "Coding": [0.20000000000000284, 1.0, 3.0, 6.0, 8.0], "Instruction Following": [-0.8999999999999986, 0.6000000000000014, 1.0, -2.020000000000003, 5.3100000000000005, 0.8100000000000023, -0.8899999999999997, -4.649999999999999, 0.33999999999999986, 5.900000000000006, -1.1999999999999886, -0.20000000000000284, -1.5, 2.0, -7.099999999999994, 1.5999999999999943, 1.0, 3.0, 2.030000000000001, -6.0, 1.6999999999999993, -4.0, 12.0, -6.0, 26.0, -7.5, 0.20000000000000284, 2.0, 0.0, 27.119999999999997, 30.51, 14.999999999999993, -8.0, 3.839999999999989, -3.3000000000000114, -0.6999999999999957, 1.1000000000000085, -2.710000000000008, 17.759999999999998, 7.68, 10.219999999999999, -5.419999999999998], "Safety": [2.0, 3.0, 0.0, -5.400000000000006, -1.4000000000000057, 3.900000000000002, -0.7349999999999852, 2.0, -3.0, -1.2199999999999989, 22.5, 1.3999999999999915, 6.400000000000006, -19.799999999999997, -6.000000000000007, -6.799999999999997, 17.300000000000004, 6.200000000000003, -9.800000000000004, 6.980000000000004, 3.4399999999999977, -3.3299999999999983, 9.899999999999999, 15.200000000000003, -7.0, -0.19999999999998863, 1.3999999999999915, 6.400000000000006, -19.799999999999997, -6.000000000000007, -6.799999999999997, 17.300000000000004, 6.200000000000003, 1.0, 6.0, 2.0, 0.0, 3.0], "Knowledge": [0.0, 0.0, 11.539999999999992, 6.780000000000001, 1.2999999999999972, 1.8000000000000114, 0.0, 8.100000000000001, 4.0, -4.0, 2.0, 0.9000000000000057, 0.5, 2.0, 4.199999999999996, -4.0, -2.0, 4.0, 0.7999999999999972, 4.0, 2.0, 3.0, 0.0, 44.6, 0.20000000000000284, 1.0100000000000051, 1.8999999999999986, 1.9499999999999993, 1.2400000000000002, 11.02, 23.200000000000003, -0.8999999999999986, -2.6999999999999957, -2.1999999999999993, 0.0, -2.8999999999999915, -9.799999999999997, -0.7000000000000028, 0.5, 0.4000000000000057, -7.099999999999994, -0.5, 11.0, 2.0999999999999943, -0.759999999999998, 0.3200000000000003, 12.700000000000003, 0.6999999999999886, -12.499999999999993, -0.20000000000000284, 0.10000000000000853, -3.0, 0.0, -0.09999999999999432, -1.6000000000000085, -1.2999999999999972, 1.7000000000000028, 0.20000000000000284, 5.299999999999997, -4.599999999999994, 2.1000000000000014, -0.5, 1.1499999999999915, -3.9099999999999966, 0.09000000000000341, 2.9099999999999966, -1.230000000000004, -0.0799999999999983, 0.36999999999999034, 1.8599999999999994, -0.3100000000000023, 0.3999999999999986, -2.020000000000003, -6.780000000000001, -5.880000000000003, 0.1999999999999993, 0.8100000000000023, 5.090000000000003, 5.8799999999999955, -7.530000000000001, -12.150000000000006, -10.560000000000002, 2.2699999999999996, 2.4299999999999997, -7.810000000000002, 5.900000000000006, 5.799999999999997, 4.349999999999994, 6.450000000000003, 6.0, 6.0, -5.0, -4.0, 5.0, 6.0, -2.0, -1.0, -9.07, 5.42, 1.0700000000000003, 4.330000000000002, 21.43, 0.0, 0.0, 1.3400000000000034, 0.5, -20.5, -26.0, -10.550000000000004, -12.510000000000005, -12.540000000000006, -14.189999999999998, -9.069999999999993, -11.559999999999995, -14.200000000000003, -15.569999999999993, 0.7800000000000011, 0.269999999999996, 0.6300000000000097, 2.030000000000001, 0.9099999999999966, 2.819999999999993, 1.3699999999999974, -0.5999999999999943, -1.539999999999992, -1.480000000000004, -1.0700000000000074, -1.0300000000000011, -1.309999999999988, -1.25, -4.5, 2.3, -6.0, 1.6999999999999993, 7.900000000000006, -29.0, 0.0, 1.0, 1.7999999999999972, -8.0, 33.0, -3.299999999999997, -1.5, 4.0, 0.20000000000000284, 1.7000000000000028, -4.0, -2.0, 1.3900000000000006, 1.3299999999999983, -0.7349999999999852, -4.989999999999995, 0.0, 0.0, 4.0, -7.0, -25.0, -14.399999999999999, -1.0, 12.950000000000003, 22.42, 27.119999999999997, 2.1700000000000017, 24.690000000000005, 35.05, 30.51, 13.020000000000003, 6.100000000000001, 1.7999999999999972, 6.600000000000001, 9.800000000000004, 13.800000000000004, 14.699999999999996, 3.9000000000000057, 21.5, -1.2199999999999989, 20.68, 54.06, 26.71, 26.53, 6.400000000000006, -19.799999999999997, -6.000000000000007, 5.900000000000002, -2.5, 4.700000000000001, 6.200000000000003, 2.799999999999997, -8.400000000000006, 29.5, 0.0, 33.0, 4.700000000000003, 0.0, 44.7, 16.5, -5.000000000000007, -33.2, -11.0, 20.4, -2.799999999999997, -8.5, 9.400000000000002, 11.200000000000003, 0.0, 13.799999999999997, 13.100000000000001, 3.6000000000000085, 1.519999999999996, 3.839999999999989, 2.1999999999999957, -3.4000000000000057, -9.800000000000004, -1.2999999999999972, -3.0, -0.3999999999999915, -2.4000000000000057, -2.700000000000003, 6.980000000000004, 3.4399999999999977, -3.3299999999999983, 9.899999999999999, 4.8799999999999955, -0.23000000000000398, 6.410000000000004, 6.800000000000001, 0.5, 0.0, 1.0, 7.259999999999991, 8.089999999999996, 13.780000000000001, 3.0, 15.200000000000003, -7.0, -0.19999999999998863, 1.6000000000000014, 48.99999999999999, 21.300000000000004, -0.7999999999999972, 2.9000000000000057, 1.5, 5.390000000000001, 1.6499999999999915, 2.8499999999999943, 0.8099999999999952, 0.7999999999999972, -1.6799999999999997, 2.8900000000000006, 5.260000000000005, -2.4299999999999926, 4.3500000000000085, 1.8599999999999994, 0.060000000000002274, 2.3299999999999983, 0.0, 4.760000000000005, -4.0, 1.789999999999992, 6.450000000000003, -3.450000000000003, 0.0, -13.04, 5.409999999999997, 6.450000000000003, 0.0, 0.0, -1.6099999999999994, 2.4299999999999926, 27.769999999999996, 7.550000000000011, -2.780000000000001, 7.789999999999992, 7.769999999999996, 0.0, -4.280000000000001, -2.0, 2.739999999999995, -1.5400000000000063, 0.9200000000000017, 8.929999999999993, 5.890000000000001, 0.9500000000000028, 3.1299999999999955, -3.1299999999999955, 3.030000000000001, 3.120000000000001, 1.0300000000000011, -2.1700000000000017, 1.7399999999999949, 2.6899999999999977, 3.4299999999999997, 0.6400000000000006, 0.5, 2.0999999999999943, 0.0, 4.299999999999997, 0.7000000000000028, 1.0, 6.0, 5.0, -4.0, 3.4399999999999977, -0.7999999999999972, -1.1999999999999957, -0.3999999999999986, -3.3000000000000043, 