{"Entailment": {"2304.05368": 0.0, "2310.00835": 3.1999999999999886, "2409.16635": -5.0, "2410.13343": -0.5818181818181823, "2402.05359": 3.686666666666665, "2402.10735": 1.0, "2402.13758": 2.200000000000003, "2402.17226": 3.69, "2403.09017": 1.0}, "Text classification": {"2304.05368": 1.5749999999999993, "2310.09223": 1.6666666666666667, "2407.17469": 1.1374999999999993, "2409.16635": -1.0, "2406.11234": -12.447500000000003, "2407.12725": -10.73125, "2412.04509": -8.773333333333335, "2410.18001": -1.625, "2407.06501": 5.050000000000001, "2403.12145": -4.0, "2410.02507": -16.0, "2412.14304": 3.9000000000000057, "2411.11027": 31.995000000000005, "2412.12164": -0.1857142857142853, "2410.15116": 5.300000000000002, "2408.06874": 6.200000000000003, "2409.15188": 3.839999999999989, "2401.11725": -2.8000000000000065, "2402.05359": 6.669999999999998, "2402.11194": 13.780000000000001, "2402.11943": 5.828571428571429, "2402.17226": 1.6950000000000003, "2403.09017": 2.0, "2403.20180": -1.7000000000000028}, "Generation": {"2310.10627": 44.6, "2306.11025": 4.433999999999999, "2402.12424": 0.10000000000000142, "2407.20588": 5.900000000000006, "2407.21531": 4.349999999999994, "2407.06501": 4.1, "2405.12933": 4.0, "2411.14479": -5.5, "2412.11691": 22.5, "2408.11841": -8.400000000000006, "2402.05359": -3.3299999999999983, "2403.02615": 12.399999999999999, "2403.20180": 0.9500000000000028}, "Mixed datasets": {"2303.17003": 6.780000000000001, "2307.03762": 0.6999999999999957, "2309.14681": -0.09999999999999432, "2409.16635": 6.0, "2406.04127": 3.9987500000000002, "2405.12933": 2.0, "2402.18252": 0.0, "2403.09017": 1.0}, "Encyclopedic knowledge": {"2310.08678": 2.3999999999999986, "2307.03762": -2.3999999999999964, "2308.09975": -0.5199999999999996, "2412.20251": -1.2799999999999987, "2410.02959": -1.0, "2412.14304": 7.620000000000002, "2410.15116": -2.5, "2408.11841": 8.95, "2401.11725": 2.1999999999999957, "2402.10400": 0.5, "2402.15862": 3.869374999999999, "2402.18252": 0.7000000000000028, "2406.01126": 3.4399999999999977, "2406.12386": -0.9799999999999983, "2406.04127": 7.530000000000001}, "Context-aware QA": {"2303.17003": 0.0, "2304.05368": 1.5625000000000018, "2311.06555": 0.605000000000004, "2307.03762": 3.3400000000000034, "2307.12573": -0.21999999999999886, "2310.00935": 3.6999999999999993, "2402.12424": 18.9, "2407.17469": -1.7219230769230782, "2410.01671": 0.9850000000000007, "2404.16294": -2.86249999999999, "2411.17993": 20.99125, "2412.14304": 14.699999999999996, "2412.16953": 21.5, "2409.15188": 1.519999999999996, "2401.11725": -1.5666666666666629, "2402.05359": 6.980000000000004, "2402.09911": 6.800000000000001, "2402.11194": 8.089999999999996, "2402.15862": 1.0983333333333334, "2402.17226": -2.710000000000008, "2406.14877": -1.1658333333333328, "2409.13711": 11.6, "2403.20180": 4.655000000000008}, "Multi-hop QA": {"2410.01671": 1.1966666666666654, "2412.00353": 3.5, "2407.03687": 1.6999999999999993, "2403.12145": -2.0, "2404.13985": 1.0340000000000018, "2402.15862": 1.3839999999999981, "2406.14877": 3.315, "2409.13711": 7.099999999999998}, "Commonsense reasoning": {"2303.17003": 0.0, "2310.16755": 1.7650000000000006, "2311.10227": 15.975000000000001, "2309.14681": 1.7000000000000028, "2409.16635": 5.5, "2410.02892": 12.5, "2407.01455": 10.532142857142857, "2407.08937": 1.7000000000000028, "2405.12933": -3.0, "2401.08743": -9.680000000000001, "2402.17226": 0.6400000000000006, "2403.09017": 1.0, "2406.14877": 0.44999999999999574}, "Logical reasoning": {"2310.12342": 6.49625, "2310.16755": 1.7700000000000031, "2307.03762": -3.54, "2408.07676": 2.0, "2409.16635": -3.1666666666666665, "2406.04127": 0.0, "2412.00353": 1.6499999999999986, "2412.16953": 17.3, "2407.01455": 2.2444444444444467, "2407.08937": -2.0, "2407.10162": 3.3333333333333335, "2404.01461": 4.642857142857143, "2404.02474": 2.5, "2410.02507": -14.399999999999999, "2411.06018": 4.540000000000006, "2402.10735": -1.0, "2402.18252": 3.049999999999997, "2403.02615": 6.733333333333332, "2403.08211": 6.200000000000003, "2403.20180": 0.9500000000000028}, "Spatial and temporal reasoning": {"2307.03762": 0.5, "2310.00835": 2.5304347826086993, "2409.16635": 2.0, "2406.11217": -11.165, "2410.00193": 18.91, "2410.02892": -2.5999999999999996, "2407.01455": 0.19999999999999693, "2411.06018": 3.5700000000000003, "2401.08743": 1.9199999999999988, "2402.17226": -2.1700000000000017}, "Symbolic and algorithmic": {"2407.21531": 6.450000000000003, "2408.07676": -1.6799999999999984, "2410.11385": 4.262222222222224, "2406.19228": 2.0, "2407.10162": 8.0, "2403.08211": 66.53333333333333, "2405.18357": 12.766666666666666}, "Math": {"2303.17003": 17.134999999999998, "2311.01460": 54.800000000000004, "2305.08322": 1.8999999999999986, "2307.03762": 10.75, "2309.14681": 8.366666666666669, "2406.04127": 10.715, "2412.00353": 5.299999999999997, "2406.19228": 25.349999999999994, "2403.19346": -3.4000000000000057, "2405.14838": 33.4, "2410.13029": 10.5, "2408.11841": 6.65, "2402.11194": 7.259999999999991, "2402.18252": 4.299999999999997, "2403.08211": 14.550000000000002, "2406.05055": 34.92}}